{"feature_importances": [0.34020643317703575, 0.36127783399820995, 0.049488155953244246, 0.24902757687151003], "threshold": 0.5, "n_estimators": 100, "random_state": 42, "classes": [0, 1], "accuracy": 0.8319327731092437, "roc_auc": 0.904891304347826, "confusion_matrix": [[86, 10], [10, 13]]}